3D Systems,DDD
3M,MMM
500.com ADS,WBAI
58.com ADS,WUBA
A. H. Belo Series A,AHC
A.M. Castle,CAS
A.O. Smith,AOS
A10 Networks,ATEN
AAC Holdings,AAC
AAR Corp.,AIR
ABB ADS,ABB
ABM Industries,ABM
ACCO Brands,ACCO
ACE,ACE
ADT Corp.,ADT
AECOM,ACM
AES,AES
AFLAC,AFL
AG Mortgage Investment Trust,MITT
AGCO,AGCO
AGL Resources,GAS
AGRIA ADS,GRO
AK Steel Holding,AKS
AMC Entertainment Holding,AMC
AMEC Foster Wheeler ADS,AMFW
AMN Healthcare Services,AHS
AOL,AOL
ARC Document Solutions,ARC
AT&T,T
AU Optronics ADS,AUO
AVG Technologies,AVG
AVX,AVX
AZZ Inc.,AZZ
Aaron's Inc.,AAN
AbbVie,ABBV
Abbott Laboratories,ABT
Abercrombie&Fitch,ANF
Acadia Realty Trust,AKR
Accenture Cl A,ACN
Accuride,ACW
Acorn International ADS,ATV
Actavis,ACT
Actuant Cl A,ATU
Acuity Brands,AYI
Adecoagro,AGRO
Adeptus Health,ADPT
Advance Auto Parts,AAP
Advanced Drainage Systems,WMS
Advanced Semiconductor Engineering ADS,ASX
Advantage Oil&Gas,AAV
Advantest Corp ADS,ATE
Aegean Marine Petroleum Network,ANW
Aegon NV ADS,AEG
AerCap Holdings,AER
Aerohive Networks,HIVE
Aeropostale,ARO
Aetna,AET
Affiliated Managers Group,AMG
Agilent Technologies,A
Agnico-Eagle Mines,AEM
Agree Realty,ADC
Agrium Inc.,AGU
Air Lease,AL
Air Products&Chemicals,APD
Aircastle,AYR
Airgas,ARG
Alamo Group,ALG
Alamos Gold,AGI
Alaska Air Group,ALK
Albany International Cl A,AIN
Albemarle,ALB
Alcatel-Lucent ADS,ALU
Alcoa,AA
Alere,ALR
Alexander&Baldwin,ALEX
Alexander's Inc.,ALX
Alexandria Real Estate Equities,ARE
Alibaba Group Holding ADS,BABA
Alleghany,Y
Allegheny Technologies,ATI
Allegion,ALLE
Allergan,AGN
Allete,ALE
Alliance Data Systems,ADS
Alliance One International,AOI
AllianceBernstein Holding,AB
Alliant Energy,LNT
Alliant Techsystems,ATK
Allied World Assurance Holdings,AWH
Allison Transmission Holdings,ALSN
Allstate,ALL
Ally Financial,ALLY
Alon Blue Square Israel ADS,BSI
Alon USA Energy,ALJ
Alon USA Partners,ALDW
Alpha Natural Resources,ANR
Altisource Residential,RESI
Altria Group,MO
Aluminum of China ADS,ACH
AmREIT,AMRE
Amber Road,AMBR
Ambev ADS,ABEV
Ameren,AEE
Ameresco,AMRC
AmeriGas Partners,APU
America Movil ADS,AMX
American Assets Trust,AAT
American Axle&Manufacturing Holdings,AXL
American Campus Communities,ACC
American Eagle Outfitters,AEO
American Electric Power,AEP
American Equity Investment Life Holding,AEL
American Express,AXP
American Financial Group,AFG
American Homes 4 Rent Cl A,AMH
American International Group Inc. Wt,AIG%
American International Group,AIG
American Midstream Partners LP,AMID
American Realty Investors,ARL
American Residential Properties,ARPI
American States Water,AWR
American Tower REIT,AMT
American Vanguard,AVD
American Water Works,AWK
Ameriprise Financial,AMP
AmerisourceBergen,ABC
Ametek,AME
Amira Nature Foods,ANFI
Ampco-Pittsburgh,AP
Amphenol Cl A,APH
Amrep,AXR
Anadarko Petroleum,APC
AngloGold Ashanti ADS,AU
Anheuser-Busch InBev ADS,BUD
Anixter International,AXE
Ann,ANN
Annaly Capital Management,NLY
Antero Midstream Partners,AM
Antero Resources,AR
Anthem,ANTM
Anworth Mortgage Asset,ANH
Aon,AON
Apache,APA
Apartment Investment&Management,AIV
Apollo Commercial Real Estate Finance,ARI
Apollo Global Management Cl A,APO
Apollo Residential Mortgage,AMTG
Applied Industrial Technologies,AIT
Aptargroup,ATR
Aqua America,WTR
Aramark,ARMK
Arbor Realty Trust,ABR
Arc Logistics Partners,ARCX
ArcelorMittal ADS,MT
Arch Coal,ACI
Archer Daniels Midland,ADM
Arcos Dorados Holdings Cl A,ARCO
Ardmore Shipping,ASC
Ares Commercial Real Estate,ACRE
Ares Management,ARES
Argan,AGX
Arista Networks,ANET
Arlington Asset Investment Cl A,AI
Armada Hoffler Properties,AHH
Armour Residential REIT,ARR
Armstrong World Industries,AWI
Arrow Electronics,ARW
Arthur J. Gallagher,AJG
Artisan Partners Asset Management,APAM
Asbury Automotive Group,ABG
Ashford Hospitality Prime,AHP
Ashford Hospitality Trust,AHT
Ashland Inc.,ASH
Aspen Aerogels,ASPN
Aspen Insurance Holdings,AHL
Associated Banc-Corp.,ASB
Associated Estates Realty,AEC
Assurant,AIZ
Assured Guaranty,AGO
Astoria Financial,AF
AstraZeneca ADS,AZN
Atento,ATTO
Atlantic Power,AT
Atlas Energy Group,ATLS
Atlas Energy,ATLS
Atlas Pipeline Partners,APL
Atlas Resource Partners,ARP
Atmos Energy,ATO
Atwood Oceanics,ATW
AuRico Gold,AUQ
AutoNation,AN
AutoZone,AZO
Autohome ADS,ATHM
Autoliv,ALV
Avalonbay Communities,AVB
Avery Dennison,AVY
Avianca Holdings ADS,AVH
Avista,AVA
Aviv REIT,AVIV
Aviva PLC ADS,AV
Avnet,AVT
Avolon Holdings,AVOL
Avon Products,AVP
Axalta Coating Systems,AXTA
Axiall,AXLL
Axis Capital Holdings,AXS
B&G Foods,BGS
BB&T,BBT
BBVA Banco Frances ADS,BFR
BBX Capital Cl A,BBX
BCE,BCE
BHP Billiton ADS,BBL
BHP Billiton ADS,BHP
BLYTH,BTH
BP ADS,BP
BP Prudhoe Bay Royalty Trust,BPT
BPZ Resources,BPZ
BRF ADS,BRFS
BRT Realty Trust,BRT
BT Group ADS,BT
Babcock&Wilcox,BWC
Badger Meter,BMI
Baker Hughes,BHI
Ball,BLL
Baltic Trading,BALT
BanColombia ADS,CIB
Banc of California,BANC
Banco Bilbao Vizcaya Argentaria ADS,BBVA
Banco Bradesco ADS,BBDO
Banco Latinoamericano de Comercio Exterior Cl E,BLX
Banco Macro ADS,BMA
Banco Santander ADS,SAN
Banco Santander Brasil ADS,BSBR
Banco Santander-Chile ADS,BSAC
Banco de Chile ADS,BCH
BancorpSouth,BXS
Bank of America Cl A WT,BAC%A
Bank of America Cl B WT,BAC%B
Bank of America,BAC
Bank of Hawaii,BOH
Bank of Montreal,BMO
Bank of New York Mellon,BK
Bank of Nova Scotia,BNS
BankUnited,BKU
Bankrate,RATE
Barclays ADS,BCS
Barnes Group,B
Barnes&Noble,BKS
Barracuda Networks,CUDA
Barrick Gold,ABX
Basic Energy Services,BAS
Baxter International,BAX
Baytex Energy,BTE
Beazer Homes USA Inc. 7.50% Tangible Equity Un,BZT
Beazer Homes USA,BZH
Becton Dickinson,BDX
Belden,BDC
Bellatrix Exploration,BXE
Belmond,BEL
Bemis,BMS
Benchmark Electronics,BHE
Berkshire Hathaway Cl A,BRKA
Berkshire Hathaway Cl B,BRKB
Berkshire Hills Bancorp,BHLB
Berry Plastics Group,BERY
Best Buy,BBY
Big Lots,BIG
Biglari Holdings,BH
Bill Barrett,BBG
Bio-Rad Laboratories Cl A,BIO
Bio-Rad Laboratories Cl B,BIOB
BioAmber WT,BIOA%
BioAmber,BIOA
BioMed Realty Trust,BMR
Bitauto Holdings ADS,BITA
Black Hills,BKH
BlackRock,BLK
Blackstone Group,BX
Blackstone Mortgage Trust Cl A,BXMT
Blount International,BLT
Blue Capital Reinsurance Holdings,BCRH
BlueLinx Holdings,BXC
Boardwalk Pipeline Partners,BWP
Boeing,BA
Boise Cascade,BCC
Bonanza Creek Energy,BCEI
Boot Barn Holdings,BOOT
Booz Allen Hamilton Holding,BAH
BorgWarner,BWA
Boston Beer Cl A,SAM
Boston Properties,BXP
Boston Scientific,BSX
Box Cl A,BOX
Box Ships,TEU
Boyd Gaming,BYD
Brady Cl A,BRC
Brandywine Realty Trust,BDN
BrasilAgro-Companhia Brasileira de Propriedades Agricolas ADS,LND
Braskem ADS,BAK
Bridgepoint Education,BPI
Briggs&Stratton,BGG
Bright Horizons Family Solutions,BFAM
Brink's,BCO
Brinker International,EAT
Bristol-Myers Squibb,BMY
Bristow Group,BRS
Brixmor Property Group,BRX
Broadridge Financial Solutions,BR
Brookdale Senior Living,BKD
Brookfield Asset Management Cl A,BAM
Brookfield Canada Office Properties,BOXC
Brookfield Infrastructure Partners,BIP
Brookfield Property Partners,BPY
Brookfield Renewable Energy Partners,BEP
Brookfield Residential Properties,BRP
Brown Shoe,BWS
Brown&Brown,BRO
Brown-Forman Cl A,BFA
Brown-Forman Cl B,BFB
Brunswick,BC
Buckeye Partners,BPL
Buckle Inc.,BKE
Build-A-Bear Workshop,BBW
Bunge,BG
Burlington Stores,BURL
C&J Energy Services,CJES
C.R. Bard,BCR
C1 Financial,BNK
CACI International Cl A,CACI
CAE,CAE
CAI International,CAP
CARBO Ceramics,CRR
CBIZ Inc,CBZ
CBL&Associates Properties,CBL
CBRE Group,CBG
CBS Cl A,CBSA
CBS Cl B,CBS
CDI,CDI
CF Industries Holdings,CF
CGG ADS,CGG
CGI Group Cl A,GIB
CHC Group,HELI
CIT Group,CIT
CMS Energy,CMS
CNA Financial,CNA
CNH Industrial,CNHI
CNO Financial Group,CNO
CNOOC ADS,CEO
CONE Midstream Partners,CNNX
CPFL Energia ADS,CPL
CRH ADS,CRH
CSS Industries,CSS
CST Brands,CST
CSX,CSX
CTS,CTS
CVR Energy,CVI
CVR Partners,UAN
CVR Refining,CVRR
CVS Health,CVS
Cabela's,CAB
Cablevision Systems,CVC
Cabot Oil&Gas,COG
Cabot,CBT
Calgon Carbon,CCC
California Resources,CRC
California Water Service Group,CWT
Calix,CALX
Callaway Golf,ELY
Callon Petroleum,CPE
Calpine,CPN
Cambrex,CBM
Camden Property Trust,CPT
Cameco,CCJ
Cameron International,CAM
Campbell Soup,CPB
Campus Crest Communities,CCG
Canadian Imperial Bank of Commerce,CM
Canadian National Railway,CNI
Canadian Natural Resources,CNQ
Canadian Pacific Railway,CP
Canon ADS,CAJ
Cantel Medical,CMN
Capital One Financia Wt,COF%
Capital One Financial,COF
Capital Senior Living,CSU
Capstead Mortgage,CMO
CarMax,KMX
Cardinal Health,CAH
Care.com,CRCM
CareFusion,CFN
Carlisle,CSL
Carnival ADS,CUK
Carnival,CCL
Carpenter Technology,CRS
Carriage Services,CSV
Carters,CRI
Cash America International,CSH
Castlight Health Cl B,CSLT
Catalent,CTLT
CatchMark Timber Trust,CTT
Caterpillar Inc.,CAT
Cato Cl A,CATO
Cedar Fair,FUN
Cedar Realty Trust,CDR
Celadon Group,CGI
Celanese Series A,CE
Celestica,CLS
Cellcom Israel,CEL
Cementos Pacasmayo ADS,CPAC
Cemex ADS,CX
Cencosud ADS,CNCO
Cenovus Energy,CVE
Centene,CNC
Center Coast MLP&Infrastructure Fund Rt Wi,
CenterPoint Energy,CNP
Centrais Eletricas Brasileiras ADS,EBR
Central Pacific Financial,CPF
Centrus Energy,LEU
Century Communities,CCS
CenturyLink,CTL
Cenveo,CVO
Chambers Street Properties,CSG
ChannelAdvisor,ECOM
Charles River Laboratories International,CRL
Charles Schwab,SCHW
Chatham Lodging Trust,CLDT
Checkpoint Systems,CKP
Cheetah Mobile ADS,CMCM
Chegg,CHGG
Chemed,CHE
Chemtura Corp.,CHMT
Cherry Hill Mortgage Investment,CHMI
Chesapeake Energy,CHK
Chesapeake Granite Wash Trust,CHKR
Chesapeake Lodging Trust,CHSP
Chesapeake Utilities,CPK
Chevron,CVX
Chicago Bridge&Iron,CBI
Chico's Fas,CHS
Chimera Investment,CIM
China Cord Blood,CO
China Digital TV Holding ADS,STV
China Distance Education Holdings ADS,DL
China Eastern Airlines ADS,CEA
China Green Agriculture,CGA
China Life Insurance ADS,LFC
China Ming Yang Wind Power Group ADS,MY
China Mobile ADS,CHL
China Nepstar Chain Drugstore ADS,NPD
China New Borun,BORN
China Petroleum&Chemical ADS,SNP
China Southern Airlines ADS,ZNH
China Telecom ADS,CHA
China Unicom (Hong Kong) ADS,CHU
China Xiniya Fashion ADS,XNY
China Yuchai International,CYD
China Zenix Auto International ADS,ZX
Chipotle Mexican Grill Cl,CMG
Choice Hotels International,CHH
Christopher&Banks,CBK
Chubb,CB
Chunghwa Telecom ADS,CHT
Church&Dwight,CHD
Ciber,CBR
Ciena,CIEN
Cigna,CI
Cimarex Energy,XEC
Cincinnati Bell,CBB
Cinemark Holdings,CNK
Circor International,CIR
Citigroup Inc. Wt 2018,C%B
Citigroup Inc. Wt 2019,C%A
Citigroup,C
Citizens Cl A,CIA
Citizens Financial Group,CFG
City National,CYN
City Office REIT,CIO
Civeo,CVEO
Civitas Solutions,CIVI
Clarcor,CLC
Clayton Williams Energy,CWEI
Clean Harbors,CLH
Clear Channel Outdoor Holdings,CCO
Clearwater Paper,CLW
Cleco,CNL
Cliffs Natural Resources,CLF
Clorox,CLX
Cloud Peak Energy,CLD
ClubCorp Holdings,MYCC
Coach Inc.,COH
Cobalt International Energy,CIE
Coca-Cola Enterprises,CCE
Coca-Cola Femsa ADS,KOF
Coca-Cola,KO
Coeur Mining WT,CDE%
Coeur Mining,CDE
Cohen&Steers,CNS
Colfax,CFX
Colgate-Palmolive,CL
Colony Financial,CLNY
Columbia Pipeline Partners,CPPL
Columbia Property Trust,CXP
Comerica Wt,CMA%
Comerica,CMA
Comfort Systems USA,FIX
Commercial Metals,CMC
Community Bank System,CBU
Community Health Systems,CYH
Companhia Brasileira de Distribuicao Grupo Pao de Acucar ADS,CBD
Companhia Energetica de Minas Gerais-Cemig ADS,CIG
Companhia Energetica de Minas Gerais-Cemig ADS,CIGC
Companhia Paranaense de Energia-COPEL ADS,ELP
Companhia Siderurgica Nacional ADS,SID
Companhia de Saneamento Basico do Estado de Sao Paulo ADS,SBS
Compania Cervecerias Unidas ADS,CCU
Compania de Minas Buenaventura ADS,BVN
Compass Diversified Holdings,CODI
Compass Minerals International,CMP
Computer Sciences,CSC
Comstock Resources,CRK
Con-way,CNW
ConAgra Foods,CAG
Concho Resources,CXO
Concord Medical Services Holdings ADS,CCM
ConocoPhillips,COP
Consol Energy,CNX
Consolidated Edison,ED
Constellation Brands Cl A,STZ
Constellation Brands Cl B,STZB
Constellium Cl A,CSTM
Container Store Group,TCS
Continental Building Products,CBPX
Continental Resources,CLR
Controladora Vuela Compania de Aviacion ADS,VLRS
Convergys,CVG
Cooper Tire&Rubber,CTB
Cooper,COO
Cooper-Standard Holdings,CPS
Copa Holdings Cl A,CPA
Core Laboratories,CLB
CoreLogic,CLGX
CoreSite Realty,COR
Corning,GLW
CorpBanca ADS,BCA
Corporate Executive Board,CEB
Corporate Office Properties Trust,OFC
Corrections of America,CXW
Cosan Cl A,CZZ
Costamare,CMRE
Cott,COT
Coty Cl A,COTY
Country Style Cooking Restaurant Chain ADS,CCSC
Coupons.com,COUP
Cousins Properties,CUZ
Covance,CVD
Covanta Holding,CVA
Crane,CR
Crawford Cl A,CRDA
Crawford Cl B,CRDB
Credicorp,BAP
Credit Suisse Group,CS
Crescent Point Energy,CPG
Crestwood Equity Partners,CEQP
Crestwood Midstream Partners,CMLP
Cross Timbers Royalty Trust,CRT
CrossAmerica Partners,CAPL
Crown Castle International,CCI
Crown Holdings,CCK
CryoLife,CRY
CubeSmart,CUBE
Cubic,CUB
Cullen/Frost Bankers,CFR
Culp Inc.,CFI
Cummins,CMI
Curtiss-Wright,CW
Customers Bancorp,CUBI
Cvent,CVT
Cyan,CYNI
Cypress Energy Partners,CELP
Cypress Sharpridge Investments,CYS
Cytec Industries,CYT
D.R. Horton,DHI
DCP Midstream Partners,DPM
DCT Industrial Trust,DCT
DDR Corp,DDR
DHT Holdings,DHT
DRDGOLD ADS,DRD
DST Systems,DST
DSW Cl A,DSW
DTE Energy,DTE
DaVita HealthCare Partners,DVA
Dana Holding,DAN
Danaher,DHR
Danaos,DAC
Daqo New Energy ADS,DQ
Darden Restaurants,DRI
Darling Ingredients,DAR
DeVry Education Group,DV
Dean Foods,DF
Deckers Outdoor,DECK
Deere,DE
Delek Logistics Partners,DKL
Delek US Holdings,DK
Delhaize Group ADS,DEG
Delphi Automotive,DLPH
Delta Air Lines,DAL
Deltic Timber,DEL
Deluxe Corp.,DLX
Demand Media,DMD
Demandware,DWRE
Denbury Resources,DNR
Deutsche Bank,DB
Devon Energy,DVN
Diageo ADS,DEO
Diamond Offshore Drilling,DO
Diamond Resorts International,DRII
Diamondrock Hospitality,DRH
Diana Shipping,DSX
Dice Holdings,DHX
Dick's Sporting Goods,DKS
Diebold,DBD
Digital Realty Trust,DLR
DigitalGlobe,DGI
Dillard's,DDS
DineEquity,DIN
Diplomat Pharmacy,DPLO
Discover Financial Services,DFS
Dolby Laboratories Cl A,DLB
Dollar General,DG
Dominion Diamond,DDC
Dominion Midstream Partners,DM
Dominion Resources (Virginia),D
Dominion Resources Black Warrior Trust,DOM
Dominion Resources Inc. Un Series B,DCUB
Dominion Resources Un Series A,DCUA
Dominion Resources Un,DCUC
Domino's Pizza,DPZ
Domtar,UFS
Donaldson,DCI
Doral Financial,DRL
Dorian LPG,LPG
Douglas Dynamics,PLOW
Douglas Emmett,DEI
Dover Downs Gaming&Entertainment,DDE
Dover Motorsports,DVD
Dover,DOV
Dow Chemical,DOW
Dr Pepper Snapple Group,DPS
Dr. Reddy's Laboratories ADS,RDY
Dresser-Rand Group,DRC
Drew Industries,DW
Dril-Quip,DRQ
Ducommun,DCO
Duke Energy,DUK
Duke Realty,DRE
Dun&Bradstreet,DNB
Dupont Fabros Technology,DFT
Dycom Industries,DY
Dynagas LNG Partners LP,DLNG
Dynegy WT,DYN%
Dynegy,DYN
Dynex Capital,DX
E-Commerce China Dangdang ADS,DANG
E-House (China) Holdings ADS,EJ
E.I. DuPont de Nemours,DD
E.W. Scripps Cl A Wi,SSP@
E.W. Scripps Cl A,SSP
ECA Marcellus Trust I,ECT
ELLIE MAE,ELLI
EMC,EMC
EMCOR Group,EME
ENI ADS,E
ENSCO,ESV
EOG Resources,EOG
EP Energy,EPE
EPAM Systems,EPAM
EPR Properties,EPR
EQT Midstream Partners LP,EQM
EQT,EQT
ESCO Technologies,ESE
ETFS Diversified-Factor U.S. Large Cap Index Fund,SBUS
EXCO Resources,XCO
Eagle Materials,EXP
EastGroup Properties,EGP
Easterly Government Properties,DEA
Eastman Chemical,EMN
Eastman Kodak Co. WT 125%,KODK%
Eastman Kodak WT,KODK%A
Eastman Kodak,KODK
Eaton Vance,EV
Eaton,ETN
Eclipse Resources,ECR
Ecolab,ECL
Ecopetrol ADS,EC
Edison International,EIX
Education Realty Trust,EDR
Edwards Lifesciences,EW
El Paso Electric,EE
Eldorado Gold,EGO
Eli Lilly,LLY
Ellington Financial,EFC
Ellington Residential Mortgage REIT,EARN
Embotelladora Andina (Series A) ADS,AKOA
Embotelladora Andina (Series B) ADS,AKOB
Embraer ADS,ERJ
Emerge Energy Services,EMES
Emergent Biosolutions,EBS
Emerson Electric,EMR
Empire District Electric,EDE
Empire State Realty OP Un Series 250,FISK
Empire State Realty OP Un Series 60,OGCP
Empire State Realty OP Un Series ES,ESBA
Empire State Realty Trust,ESRT
Employers Holdings,EIG
Empresa Distribuidora y Comercializadora Norte Cl B ADS,EDN
Empresa Nacional de Electricidad ADS,EOC
Empresas ICA ADS,ICA
Emulex,ELX
EnLink Midstream Partners,ENLK
EnLink Midstream,ENLC
EnPro Industries,NPO
Enable Midstream Partners,ENBL
Enbridge Energy Management,EEQ
Enbridge Energy Partners Cl A,EEP
Enbridge,ENB
Encana,ECA
Endeavour Silver,EXK
Endurance Specialty Holdings,ENH
Enduro Royalty Trust,NDRO
EnerSys,ENS
Energen,EGN
Energizer Holdings,ENR
Energy Transfer Equity,ETE
Energy Transfer Partners,ETP
Enerplus,ERF
Enersis ADS,ENI
Engility Holdings,EGL
Ennis,EBF
Enova International,ENVA
Entercom Communications Cl A,ETM
Entergy,ETR
Enterprise Products Partners,EPD
Entravision Communications,EVC
Envestnet,ENV
Envision Healthcare Holdings,EVHC
Enzo Biochem,ENZ
Equifax,EFX
Equity Commonwealth 5.75% Sr. Notes Due 2042,EQCO
Equity Commonwealth,EQC
Equity Lifestyle Properties,ELS
Equity One,EQY
Equity Residential,EQR
Era Group,ERA
Eros International,EROS
Essent Group,ESNT
Essex Property Trust,ESS
Estee Lauder,EL
Esterline Technologies,ESL
Ethan Allen Interiors,ETH
Euronav,EURN
EverBank Financial,EVER
Evercore Partners Cl A,EVR
Everest Re Group,RE
Eversource Energy,ES
Evertec,EVTC
Everyday Health,EVDY
Evogene,EVGN
ExamWorks Group,EXAM
Exar,EXAR
Excel Trust,EXL
Exelis Inc.,XLS
Exelon Conv. Un,EXCU
Exelon,EXC
Express,EXPR
Extended Stay America / ESH Hospitality,STAY
Exterran Holdings,EXH
Extra Space Storage,EXR
Exxon Mobil,XOM
F.N.B.,FNB
FBL Financial Group,FFG
FCB Financial Holdings Cl A,FCB
FMC Technologies,FTI
FMC,FMC
FMSA Holdings,FMSA
FTI Consulting,FCN
FXCM,FXCM
Fabrinet,FN
FactSet Research Systems,FDS
Fair Isaac,FICO
Family Dollar Stores,FDO
FedEx,FDX
Federal Agricultural Mortgage Cl A,AGMA
Federal Agricultural Mortgage Cl C,AGM
Federal Realty Investment Trust,FRT
Federal Signal,FSS
Federated Investors,FII
Felcor Lodging Trust,FCH
Ferrellgas Partners,FGP
Ferro Corp.,FOE
Fiat Chrysler Automobiles,FCAU
Fibria Celulose ADS,FBR
Fidelity National Financial Tracking Stock,FNFV
Fidelity National Financial,FNF
Fidelity National Information Services,FIS
Fidelity&Guaranty Life,FGL
First Acceptance,FAC
First American Financial,FAF
First BanCorp (Puerto Rico),FBP
First Commonwealth Financial (Pennsylvania),FCF
First Horizon National,FHN
First Industrial Realty Trust,FR
First Majestic Silver,AG
First Marblehead,FMD
First Potomac Realty Trust,FPO
First Republic Bank,FRC
FirstEnergy,FE
Five Oaks Investment,OAKS
Five Star Quality Care,FVE
Flagstar Bancorp,FBC
FleetCor Technologies,FLT
FleetMatics Group,FLTX
Flotek Industries,FTK
Flowers Foods,FLO
Flowserve,FLS
Fluor,FLR
Fly Leasing,FLY
Fomento Economico Mexicano ADS,FMX
Foot Locker,FL
Ford Motor,F
Foresight Energy Partners LP,FELP
Foresight Energy,FELP
Forest City Enterprises Cl A,FCEA
Forest City Enterprises Cl B,FCEB
Forestar Group,FOR
Fortress Investment Group Cl A,FIG
Fortuna Silver Mines,FSM
Fortune Brands Home&Security,FBHS
Forum Energy Technologies,FET
Franco-Nevada,FNV
Frank's International,FI
Franklin Covey,FC
Franklin Resources,BEN
Freeport-McMoRan,FCX
Freescale Semiconductor,FSL
Fresenius Medical Care ADS,FMS
Fresh Del Monte Produce,FDP
Frontline,FRO
Furmanite,FRM
FutureFuel,FF
GAIN Capital Holdings,GCAP
GAMCO Investors Cl A,GBL
GATX,GMT
GEO Group,GEO
GFI Group,GFIG
GNC Holdings Cl A,GNC
GOL Linhas Aereas Inteligentes ADS,GOL
GP Strategies,GPX
GTT Communications,GTT
Gafisa ADS,GFA
GameStop Cl A,GME
Gannett,GCI
Gap,GPS
Gartner,IT
GasLog Partners,GLOP
GasLog,GLOG
Gazit-Globe,GZT
GenCorp,GY
Generac Holdings,GNRC
General Cable,BGC
General Dynamics,GD
General Electric,GE
General Growth Properties,GGP
General Mills,GIS
General Motors Co. Wt 2016,GMT%A
General Motors Co. Wt 2019,GM%B
General Motors WT 2015,GM%C
General Motors,GM
General Steel Holdings,GSI
Genesco,GCO
Genesee&Wyoming Cl A,GWR
Genesee&Wyoming Un,GWRU
Genesis Energy,GEL
Genesis Healthcare,GEN
Genie Energy,GNE
Genpact,G
Genuine Parts,GPC
Genworth Financial Cl A,GNW
GeoPark,GPRK
Gerdau ADS,GGB
Getty Realty,GTY
Gigamon,GIMO
Gildan Activewear,GIL
Glatfelter,GLT
GlaxoSmithKline ADS,GSK
Global Brass&Copper Holdings,BRSS
Global Cash Access Holdings,GCA
Global Partners,GLP
Global Payments,GPN
Global Power Equipment Group,GLPW
Global Ship Lease Cl A,GSL
Globant,GLOB
Globus Medical,GMED
Gold Fields ADS,GFI
Goldcorp,GG
Goldman Sachs Group,GS
Goodrich Petroleum,GDP
Government Properties Income Trust,GOV
Governor&the Bank of Ireland ADS,IRE
Graco Inc.,GGG
GrafTech International,GTI
Graham Holdings,GHC
Graham,GHM
Gramercy Property Trust,GPT
Grana y Montero ADS,GRAM
Granite Construction,GVA
Granite REIT,GRPU
Graphic Packaging Holding,GPK
Gray Television Cl A,GTNA
Gray Television,GTN
Great Ajax,AJX
Great Northern Iron Ore Properties,GNI
Great Plains Energy,GXP
Great Western Bancorp,GWB
Greatbatch,GB
Green Dot Cl A,GDOT
Greenbrier,GBX
Greenhill,GHL
Greif Cl A,GEF
Greif Cl B,GEFB
Griffon,GFF
Group 1 Automotive,GPI
GrubHub,GRUB
Gruma ADS,GMK
Grupo Aeroportuario del Pacifico ADS,PAC
Grupo Aeroportuario del Sureste ADS,ASR
Grupo Aval Acciones y Valores ADS,AVAL
Grupo Financiero Santander Mexico ADS,BSMX
Grupo Televisa,TV
Guangshen Railway ADS,GSH
Guess?,GES
Guidewire Software,GWRE
Gulfmark Offshore Cl A,GLF
H&R Block,HRB
H.B. Fuller,FUL
HCA Holdings,HCA
HCC Insurance Holdings,HCC
HCI Group,HCI
HCP,HCP
HDFC Bank ADS,HDB
HFF Cl A,HF
HHGregg,HGG
HNI,HNI
HRG Group,HRG
HSBC Holdings ADS,HSBC
Haemonetics,HAE
Halcon Resources,HK
Halliburton,HAL
Halyard Health,HYH
Hanesbrands,HBI
Hanger,HGR
Hannon Armstrong Sustainable Infrastructure Capital,HASI
Hanover Insurance Group,THG
Harbinger Group,HRG
Harley-Davidson,HOG
Harman International Industries,HAR
Harmony Gold Mining ADS,HMY
Harris Corp.,HRS
Harsco,HSC
Harte-Hanks,HHS
Hartford Financial Services Group Wt,HIG%
Hartford Financial Services Group,HIG
Harvest Natural Resources,HNR
Hatteras Financial,HTS
Haverty Furniture Cl A,HVTA
Haverty Furniture,HVT
Hawaiian Electric Industries,HE
Headwaters,HW
Health Care REIT,HCN
Health Net,HNT
HealthSouth,HLS
Healthcare Realty Trust,HR
Healthcare Trust of America,HTA
Heartland Payment Systems,HPY
Hecla Mining,HL
Heico Cl A,HEIA
Heico,HEI
Helix Energy Solutions Group,HLX
Helmerich&Payne,HP
Herbalife,HLF
Heritage Insurance Holdings,HRTG
Hersha Hospitality Trust Cl A,HT
Hershey,HSY
Hertz Global Holdings,HTZ
Hess Corp.,HES
Hewlett-Packard,HPQ
Hexcel,HXL
Hi-Crush Partners,HCLP
Higher One Holdings,ONE
Highwoods Properties,HIW
Hill International,HIL
Hill-Rom Holdings,HRC
Hillenbrand,HI
Hilltop Holdings,HTH
Hilton Worldwide Holdings,HLT
Hoegh LNG Partners,HMLP
Holly Energy Partners,HEP
HollyFrontier,HFC
Home Depot,HD
Home Properties,HME
Honda Motor ADS,HMC
Honeywell International,HON
Horace Mann Educators,HMN
Hormel Foods,HRL
Hornbeck Offshore Services,HOS
Hospira,HSP
Hospitality Properties Trust,HPT
Host Hotels&Resorts,HST
Hovnanian Enterprises Cl A,HOV
Howard Hughes,HHC
Huaneng Power International ADS,HNP
HubSpot,HUBS
Hubbell Cl A,HUBA
Hubbell Cl B,HUBB
HudBay Minerals WT,HBM%
HudBay Minerals,HBM
Hudson Pacific Properties,HPP
Hudson Valley Holding,HVB
Hugoton Royalty Trust Un,HGT
Humana,HUM
Huntington Ingalls Industries Inc.,HII
Huntington Ingalls Industries,HII
Huntsman,HUN
Hyatt Hotels,H
Hyperdynamics,HDY
Hyster-Yale Materials Handling,HY
IAMGOLD,IAG
ICICI Bank ADS,IBN
IDACORP,IDA
IDEX,IEX
IDT Cl B,IDT
IHS Cl A,IHS
IMS Health Holdings,IMS
ING Groep ADS,ING
INVESCO,IVZ
ION Geophysical,IO
IRSA-Inversiones y Representaciones GDS,IRS
ITC Holdings,ITC
ITT Corp.,ITT
ITT Educational Services,ESI
Illinois Tool Works,ITW
Imation,IMN
Imax,IMAX
Imperial Holdings,IFT
Imperva,IMPV
Imprivata,IMPR
Independence Contract Drilling,ICD
Independence Holding,IHC
Industrias Bachoco ADS,IBA
Infoblox,BLOX
Infosys ADS,INFY
InfraREIT,HIFR
Ingersoll-Rand,IR
Ingram Micro Cl A,IM
Ingredion,INGR
Inland Real Estate,IRC
Inphi,IPHI
Insperity,NSP
Installed Building Products,IBP
Integrys Energy Group,TEG
Intelsat,I
InterContinental Hotels Group ADS,IHG
InterOil,IOC
InterXion Holding,INXN
Intercontinental Exchange,ICE
International Business Machines,IBM
International Flavors&Fragrances,IFF
International Game Technology,IGT
International Paper,IP
International Shipholding,ISH
Interpublic Group,IPG
IntraLinks Holdings,IL
Intrawest Resorts Holdings,SNOW
Intrepid Potash,IPI
Intrexon,XON
Invacare,IVC
InvenSense,INVN
Invesco Mortgage Capital,IVR
Investment Technology Group,ITG
Investors Real Estate Trust,IRET
Invitae,NVTA
Iron Mountain,IRM
Israel Chemicals,ICL
Itau Unibanco Holding ADS,ITUB
J.C. Penney,JCP
J.G. Wentworth Cl A,JGW
J.M. Smucker,SJM
JMP Group,JMP
JP Energy Partners,JPEP
JPMorgan Chase Wt,JPM%
JPMorgan Chase,JPM
Jabil Circuit,JBL
Jacobs Engineering Group,JEC
James Hardie Industries ADS,JHX
Janus Capital Group,JNS
Jarden,JAH
Javelin Mortgage Investment,JMI
Jernigan Capital,JCAP
JinkoSolar Holding ADS,JKS
John Bean Technologies,JBT
John Wiley&Sons Cl A,JWA
John Wiley&Sons Cl B,JWB
Johnson Controls,JCI
Johnson&Johnson,JNJ
Jones Energy Cl A,JONE
Jones Lang LaSalle,JLL
Journal Communications Cl A,JRN
Journal Media Group,JMG@
Joy Global,JOY
Jumei International Holding ADS,JMEI
Juniper Networks,JNPR
Just Energy Group,JE
K12,LRN
KAR Auction Services,KAR
KB Financial Group ADS,KB
KB Home,KBH
KBR,KBR
KCG Holdings,KCG
KKR,KKR
KMG Chemicals,KMG
KT Corp ADS,KT
Kadant,KAI
Kaman,KAMN
Kansas City Southern,KSU
KapStone Paper&Packaging,KS
Kate Spade,KATE
Kellogg,K
Kemet,KEM
Kemper Corp,KMPR
Kennametal,KMT
Kennedy-Wilson Holdings,KW
Kenon Holdings,KEN
Key Energy Services,KEG
KeyCorp,KEY
Keysight Technologies,KEYS
Kilroy Realty,KRC
Kimberly-Clark,KMB
Kimco Realty,KIM
Kinder Morgan WT,KMI%
Kinder Morgan,KMI
Kindred Healthcare,KND
King Digital Entertainment,KING
Kingsway Financial Services,KFS
Kinross Gold,KGC
Kirby,KEX
Kite Realty Group Trust,KRG
Knight Transportation,KNX
Knoll Inc.,KNL
Knot Offshore Partners,KNOP
Knowles,KN
Kohl's,KSS
Konami ADS,KNM
Koninklijke Philips ADS,PHG
Koppers Holdings,KOP
Korea Electric Power ADS,KEP
Korn/Ferry International,KFY
Kosmos Energy,KOS
Kraton Performance Polymers,KRA
Krispy Kreme Doughnuts,KKD
Kroger,KR
Kronos Worldwide,KRO
Kyocera ADS,KYO
L Brands,LB
L-3 Communications Holdings,LLL
L.S. Starrett Cl A,SCX
LATAM Airlines Group ADS,LFL
LG Display ADS,LPL
LRR Energy,LRE
LSB Industries,LXU
LTC Properties,LTC
La Quinta Holdings,LQ
La-Z-Boy,LZB
LaSalle Hotel Properties,LHO
Laboratory of America Holdings,LH
Laclede Group,LG
Ladder Capital Cl A,LADR
Landauer,LDR
Lannett,LCI
Laredo Petroleum,LPI
Las Vegas Sands,LVS
Lazard,LAZ
LeapFrog Enterprises Cl A,LF
Lear Corp.,LEA
Lee Enterprises,LEE
Legg Mason,LM
Leggett&Platt,LEG
Leidos Holdings,LDOS
Leju Holdings ADS,LEJU
LendingClub,LC
Lennar Cl A,LEN
Lennar Cl B,LENB
Lennox International,LII
Lentuo International,LAS
Leucadia National,LUK
Level 3 Communications,LVLT
Lexington Realty Trust,LXP
Lexmark International,LXK
Liberty Property Trust,LPT
Life Time Fitness,LTM
LifeLock,LOCK
LightInTheBox Holding ADS,LITB
Lincoln National Wt,LNC%
Lincoln National,LNC
Lindsay,LNN
LinkedIn Cl A,LNKD
Lions Gate Entertainment,LGF
Lithia Motors Cl A,LAD
Live Nation Entertainment,LYV
Lloyds Banking Group ADS,LYG
Lockheed Martin,LMT
Loews,L
Lorillard,LO
Louisiana-Pacific,LPX
Lowe's,LOW
Luby's,LUB
Lumber Liquidators Holdings,LL
Luxfer Holdings ADS,LXFR
Luxoft Holding,LXFT
Luxottica Group ADS,LUX
Lydall,LDL
LyondellBasell Industries,LYB
M&T Bank,MTB
M.D.C. Holdings,MDC
M/I Homes,MHO
MBIA,MBI
MDU Resources Group,MDU
MFA Financial,MFA
MFC Industrial,MIL
MGIC Investment,MTG
MGM Resorts International,MGM
MPLX,MPLX
MRC Global,MRC
MSA Safety,MSA
MSC Industrial Direct,MSM
MSCI,MSCI
MV Oil Trust,MVO
Macerich,MAC
Mack-Cali Realty,CLI
Macquarie Infrastructure,MIC
Macy's,M
Magellan Midstream Partners,MMP
Magna International,MGA
MagnaChip Semiconductor,MX
Magnum Hunter Resources,MHR
Mallinckrodt,MNK
Manchester United Cl A,MANU
Manitowoc,MTW
Manning&Napier,MN
ManpowerGroup,MAN
Manulife Financial,MFC
Marathon Oil,MRO
Marathon Petroleum,MPC
Marcus&Millichap,MMI
Marcus,MCS
Marin Software,MRIN
Marine Harvest ADS,MHG
Marine Products,MPX
MarineMax,HZO
MarkWest Energy Partners,MWE
Markel,MKL
Marriott Vacations Worldwide,VAC
Marsh&McLennan,MMC
Martha Stewart Living Omnimedia,MSO
Martin Marietta Materials,MLM
MasTec,MTZ
Masco,MAS
Masonite International,DOOR
MasterCard Cl A,MA
Matador Resources,MTDR
Materion,MTRN
Matson,MATX
Maui Land&Pineapple,MLP
Mavenir Systems,MVNR
MaxLinear,MXL
MaxPoint Interactive,MXPT
Maximus,MMS
McClatchy Cl A,MNI
McCormick Com. Vtg.,MKCV
McCormick,MKC
McDermott International,MDR
McDonald's,MCD
McEwen Mining,MUX
McGraw Hill Financial,MHFI
McKesson,MCK
Mead Johnson Nutrition,MJN
MeadWestvaco,MWV
Meadowbrook Insurance Group,MIG
Mechel OAO ADS,MTL
Media General,MEG
Medical Properties Trust,MPW
Medifast,MED
Medley Management Cl A,MDLY
Mednax,MD
Medtronic,MDT
Men's Wearhouse,MW
Merck&Co,MRK
Mercury General,MCY
Meredith,MDP
Meritage Homes,MTH
Meritor,MTOR
Mesa Royalty Trust,MTR
Mesabi Trust,MSB
MetLife,MET
Metaldyne Performance Group,MPG
Methode Electronics,MEI
Mettler-Toledo International,MTD
MiX Telematics ADS,MIXT
Michael Kors Holdings,KORS
Mid-America Apartment Communities,MAA
MidSouth Bancorp,MSL
Midcoast Energy Partners,MEP
Midstates Petroleum,MPO
Millennial Media,MM
Miller Energy Resources,MILL
Miller Industries,MLR
Mindray Medical International ADS,MR
Minerals Technologies,MTX
Mistras Group,MG
Mitsubishi UFJ Financial Group ADS,MTU
Mizuho Financial Group ADS,MFG
Mobile Telesystems ADS,MBT
Mobileye,MBLY
Model N,MODN
Modine Manufacturing,MOD
Moelis,MC
Mohawk Industries,MHK
Molina Healthcare,MOH
Molson Coors Brewing Cl A,TAPA
Molson Coors Brewing Cl B,TAP
Molycorp,MCP
Monmouth Real Estate Investment Cl A,MNR
Monogram Residential Trust,MORE
Monsanto,MON
Monster Worldwide,MWW
Montpelier Re Holdings,MRH
Moody's,MCO
Moog Cl A,MOGA
Moog Cl B,MOGB
Morgan Stanley,MS
Mosaic,MOS
Motorola Solutions,MSI
Movado Group,MOV
Mueller Industries,MLI
Mueller Water Products,MWA
Murphy Oil,MUR
Murphy USA,MUSA
Myers Industries,MYE
NACCO Industries Cl A,NC
NCI Building Systems,NCS
NCR,NCR
NGL Energy Partners LP,NGL
NL Industries,NL
NOW Inc.,DNOW
NQ Mobile ADS,NQ
NRG Energy,NRG
NRG Yield,NYLD
NTT DoCoMo ADS,DCM
NVR,NVR
Nabors Industries,NBR
Nam Tai Property,NTP
National Bank Holdings,NBHC
National Bank of Greece ADS,NBG
National Fuel Gas,NFG
National Grid ADS,NGG
National Health Investors,NHI
National Oilwell Varco,NOV
National Presto Industries,NPK
National Retail Properties,NNN
Nationstar Mortgage Holdings,NSM
Natural Gas Services Group,NGS
Natural Grocers by Vitamin Cottage,NGVC
Natural Resource Partners,NRP
Natuzzi ADS,NTZ
Nautilus,NLS
Navigant Consulting,NCI
Navigator Holdings,NVGS
Navios Maritime Acquisition,NNA
Navios Maritime Holdings,NM
Navios Maritime Midstream Partners,NAP
Navios Maritime Partners,NMM
Navistar International,NAV
Neenah Paper,NP
Neff Cl A,NEFF
Nelnet Cl A,NNI
NeoPhotonics,NPTN
NetSuite,N
NeuStar Cl A,NSR
Nevro,NVRO
New Home,NWHM
New Jersey Resources,NJR
New Media Investment Group,NEWM
New Oriental Education&Technology Group ADS,EDU
New Relic,NEWR
New Residential Investment,NRZ
New Senior Investment Group,SNR
New Source Energy Partners,NSLP
New York Community Bancorp,NYCB
New York REIT,NYRT
New York Times Cl A,NYT
New York,NWY
NewMarket,NEU
Newcastle Investment,NCT
Newell Rubbermaid,NWL
Newfield Exploration,NFX
Newmont Mining,NEM
Newpark Resources,NR
NexPoint Residential Trust,NXRT@
NextEra Energy Corporate Un,NEEO
NextEra Energy Equity Un,NEEP
NextEra Energy Partners,NEP
NextEra Energy,NEE
NiSource,NI
Nidec ADS,NJ
Nielsen,NLSN
Nike Cl B,NKE
Nimble Storage,NMBL
Nippon Telegraph&Telephone ADS,NTT
Niska Gas Storage Partners,NKA
Noah Holdings ADS,NOAH
Noble Energy,NBL
Noble,NE
Nokia ADS,NOK
Nomura Holdings ADS,NMR
Noranda Aluminum Holding,NOR
Norcraft Cos.,NCFT
Nord Anglia Education,NORD
Nordic American Offshore,NAO
Nordic American Tankers,NAT
Nordstrom,JWN
Norfolk Southern,NSC
Nortel Inversora ADS,NTL
North American Energy Partners,NOA
North Atlantic Drilling,NADL
North European Oil Royalty Trust,NRT
NorthStar Asset Management Group,NSAM
NorthWestern,NWE
Northeast Utilities,NU
Northern Tier Energy,NTI
Northrop Grumman,NOC
Northstar Realty Finance,NRF
Northwest Natural Gas,NWN
Novartis ADS,NVS
Novo Nordisk ADS,NVO
Nu Skin Enterprises Cl A,NUS
NuSTAR Energy,NS
NuSTAR GP Holdings,NSH
Nucor,NUE
Nuverra Environmental Solutions,NES
OCI Partners,OCIP
OCI Resources,OCIR
OFG Bancorp,OFG
OGE Energy,OGE
OM Asset Management,OMAM
OM Group,OMG
OMNOVA Solutions,OMN
ONE Gas,OGS
ONEOK Partners,OKS
ONEOK,OKE
Oaktree Capital Group,OAK
Oasis Petroleum,OAS
Occidental Petroleum,OXY
Oceaneering International,OII
Och-Ziff Capital Management,OZM
Ocwen Financial,OCN
Oi ADS New,OIBRC
Oil States International,OIS
Oil-Dri of America,ODC
Oiltanking Partners,OILT
Old Republic International,ORI
Olin,OLN
Omega Healthcare Investors,OHI
Omega Protein,OME
Omnicare,OCR
Omnicom Group,OMC
On Assignment,ASGN
On Deck Capital,ONDK
One Liberty Properties,OLP
OneBeacon Insurance Group Cl A,OB
Opko Health,OPK
Opower,OPWR
Oppenheimer Holdings,OPY
Oracle,ORCL
Orange ADS,ORAN
Orbital ATK Wi,OA@
Orbital ATK,OA
Orbital Sciences,ORB
Orbitz Worldwide,OWW
Orchid Island Capital,ORC
Orion Engineered Carbons,OEC
Orion Marine Group,ORN
Orix ADS,IX
Ormat Technologies,ORA
Oshkosh,OSK
Outfront Media,OUT
Owens Corning,OC
Owens&Minor,OMI
Owens-Illinois,OI
Oxford Industries,OXM
PBF Energy,PBF
PBF Logistics,PBFX
PG&E,PCG
PHH,PHH
PNC Financial Services Group Wt,PNC%
PNC Financial Services Group,PNC
PNM Resources,PNM
POSCO ADS,PKX
PPG Industries,PPG
PPL,PPL
PROS Holdings,PRO
PS Business Parks,PSB
PVH Corp.,PVH
Pacific Coast Oil Trust,ROYT
Pacific Drilling,PACD
Packaging of America,PKG
Pall,PLL
Palo Alto Networks,PANW
Pampa Energia ADS,PAM
Pandora Media,P
Panhandle Oil&Gas,PHX
Par Technology,PAR
Paragon Offshore,PGN
Paramount Group,PGRE
Park Electrochemical,PKE
Parker Drilling,PKD
Parker Hannifin,PH
Parkway Properties,PKY
Parsley Energy Cl A,PE
PartnerRe,PRE
Patriot National,PN
Paycom Software,PAYC
Peabody Energy,BTU
Pearson ADS,PSO
Pebblebrook Hotel Trust,PEB
Pembina Pipeline,PBA
Pengrowth Energy,PGH
Penn Virginia,PVA
Penn West Petroleum,PWE
Pennsylvania Real Estate Investment Trust,PEI
PennyMac Financial Services Cl A,PFSI
PennyMac Mortgage Investment Trust,PMT
Penske Automotive Group,PAG
Pentair,PNR
Pep Boys-Manny Moe&Jack,PBY
Pepco Holdings,POM
PepsiCo,PEP
Performance Sports Group,PSG
PerkinElmer,PKI
Permian Basin Royalty Trust,PBT
Perrigo,PRGO
PetroChina ADS,PTR
PetroQuest Energy,PQ
Petrobras Argentina ADS,PZE
Petroleo Brasileiro ADS A,PBRA
Petroleo Brasileiro ADS,PBR
Pfizer,PFE
PharMerica,PMC
Philip Morris International,PM
Philippine Long Distance Telephone ADS,PHI
Phillips 66 Partners,PSXP
Phillips 66,PSX
Phoenix New Media Cl A ADS,FENG
Phoenix,PNX
Physicians Realty Trust,DOC
Piedmont Natural Gas,PNY
Piedmont Office Realty Trust Cl A,PDM
Pier 1 Imports,PIR
Pinnacle Entertainment,PNK
Pinnacle Foods,PF
Pinnacle West Capital,PNW
Pioneer Energy Services,PES
Pioneer Natural Resources,PXD
Piper Jaffray,PJC
Pitney Bowes,PBI
Plains All American Pipeline,PAA
Plains GP Holdings Cl A,PAGP
Plantronics,PLT
Platform Specialty Products,PAH
Platinum Underwriters Holdings,PTP
Plum Creek Timber REIT,PCL
Ply Gem Holdings,PGEM
Polaris Industries,PII
PolyOne,POL
Polypore International,PPO
Portland General Electric,POR
Portugal Telecom ADS,PT
Post Holdings,POST
Post Properties,PPS
Potash of Saskatchewan,POT
PowerSecure International,POWR
Praxair,PX
Precision Castparts,PCP
Precision Drilling,PDS
Premiere Global Services,PGI
Prestige Brands Holdings,PBH
Pretium Resources,PVG
Primerica,PRI
Primero Mining,PPP
Principal Financial Group,PFG
ProAssurance,PRA
Procter&Gamble,PG
Progressive Waste Solutions,BIN
Progressive,PGR
Prologis,PLD
Prosperity Bancshares,PB
Proto Labs,PRLB
Provident Financial Services,PFS
Prudential ADS,PUK
Prudential Financial,PRU
Public Service Enterprise Group,PEG
Public Storage,PSA
PulteGroup,PHM
Puma Biotechnology,PBYI
Pzena Investment Management,PZN
Q2 Holdings,QTWO
QEP Midstream Partners,QEPM
QEP Resources Inc.,QEP
QTS Realty Trust Cl A,QTS
Qihoo 360 Technology,QIHU
Quad/Graphics,QUAD
Quaker Chemical,KWR
Quanex Building Products,NX
Quanta Services,PWR
Quantum,QTM
Quest Diagnostics,DGX
Questar,STR
Quiksilver,ZQK
Quintiles Transnational Holdings,Q
RAIT Financial Trust,RAS
RCS Capital,RCAP
RE/MAX Holdings Cl A,RMAX
RLI,RLI
RLJ Lodging Trust,RLJ
RPC,RES
RPM International,RPM
RSP Permian,RSPP
RTI International Metals,RTI
Rackspace Hosting,RAX
Radian Group,RDN
Rally Software Development,RALY
Ralph Lauren Cl A,RL
Ramco-Gershenson Properties Trust,RPT
Range Resources,RRC
Raymond James Financial,RJF
Rayonier Advanced Materials,RYAM
Rayonier,RYN
Raytheon,RTN
RealD,RLD
Realogy Holdings,RLGY
Realty Income,O
Red Hat,RHT
Red Lion Hotels,RLH
Redwood Trust,RWT
Reed Elsevier ADS,ENL
Reed Elsevier ADS,RUK
Regal Entertainment Group Cl A,RGC
Regal-Beloit,RBC
Regency Centers,REG
Regency Energy Partners,RGP
Regional Management,RM
Regions Financial,RF
Regis,RGS
Reinsurance Group of America,RGA
Reliance Steel&Aluminum,RS
RenaissanceRe Holdings,RNR
ReneSola ADS,SOL
Renren Cl A ADS,RENN
Rentech Nitrogen Partners LP.,RNF
Republic Services,RSG
ResMed,RMD
Resolute Energy,REN
Resolute Forest Products,RFP
Resource Capital,RSO
Restaurant Brands International,QSR
Restoration Hardware Holdings,RH
Retail Properties of America,RPAI
Revlon Cl A,REV
Rex American Resources,REX
Rexford Industrial Realty,REXR
Rexnord,RXN
Reynolds American,RAI
Rhino Resource Partners,RNO
Rice Energy,RICE
Rice Midstream Partners,RMP
RingCentral Cl A,RNG
Rio Alto Mining,RIOM
Rio Tinto ADS,RIO
Ritchie Bros. Auctioneers,RBA
Rite Aid,RAD
Roadrunner Transportation Systems,RRTS
Robert Half International,RHI
Rock-Tenn Cl A,RKT
Rockwell Automation,ROK
Rockwell Collins,COL
Rogers Communications Cl B,RCI
Rogers,ROG
Rollins Inc.,ROL
Roper Industries,ROP
Rose Rock Midstream,RRMS
Rosetta Stone,RST
Roundys,RNDY
Rouse Properties,RSE
Rowan Cos.,RDC
Royal Bank of Canada,RY
Royal Bank of Scotland Group ADS,RBS
Royal Caribbean Cruises,RCL
Royal Dutch Shell ADS B,RDSB
Royal Dutch Shell ADS Cl A,RDSA
Rubicon Project,RUBI
Ruby Tuesday,RT
Ruckus Wireless,RKUS
Rudolph Technologies,RTEC
Ryder System,R
Ryerson Holding,RYI
Ryland Group,RYL
Ryman Hospitality Properties,RHP
SAP ADS,SAP
SEACOR Holding,CKH
SINOPEC Shanghai Petrochemical ADS,SHI
SJW,SJW
SK Telecom ADS,SKM
SL Green Realty,SLG
SM Energy,SM
SPX,SPW
STAG Industrial,STAG
STMicroelectronics,STM
STORE Capital,STOR
STR Holdings,STRI
SYNNEX,SNX
Sabine Royalty Trust UBI,SBR
Safe Bulkers,SB
Safeguard Scientifics,SFE
Salesforce.com,CRM
Sally Beauty Holdings,SBH
San Juan Basin Royalty Trust,SJT
Sanchez Energy,SN
SandRidge Energy,SD
SandRidge Mississippian Trust II,SDR
SandRidge Mississippian Trust,SDT
SandRidge Permian Trust,PER
Sanofi ADS,SNY
Santander Consumer USA Holdings,SC
Sasol ADS,SSL
Saul Centers,BFS
Scana,SCG
Schlumberger,SLB
Schweitzer-Mauduit International,SWM
Science Applications International,SAIC
Scorpio Bulkers,SALT
Scorpio Tankers,STNG
Scotts Miracle-Gro,SMG
Scripps Networks Interactive Cl A,SNI
SeaDrill,SDRL
SeaWorld Entertainment,SEAS
Seabridge Gold,SA
Seadrill Partners,SDLP
Sealed Air,SEE
Seaspan,SSW
Select Income REIT,SIR
Select Medical Holdings,SEM
Semgroup Cl A,SEMG
Semiconductor Manufacturing International ADS,SMI
Sempra Energy,SRE
Senior Housing Properties Trust,SNH
Sensata Technologies Holding,ST
Sensient Technologies,SXT
Sequans Communications ADS,SQNS
Service International,SCI
ServiceMaster Global Holdings,SERV
ServiceNow,NOW
Sesa Sterlite ADS,SSLT
Seventy Seven Energy,SSE
Shake Shack Cl A,SHAK
Shaw Communications Cl B NV,SJR
Shell Midstream Partners,SHLX
Sherwin-Williams,SHW
Shinhan Financial Group ADS,SHG
Ship Finance International,SFL
Shutterstock,SSTK
Sibanye Gold ADS,SBGL
Signet Jewelers,SIG
Silver Bay Realty Trust,SBY
Silver Spring Networks,SSNI
Silver Wheaton,SLW
Silvercorp Metals,SVM
Simon Property Group,SPG
Simpson Manufacturing,SSD
Six Flags Entertainment,SIX
Skechers USA Cl A,SKX
Smart&Final Stores,SFS
Smith&Nephew ADS,SNN
Snap-On,SNA
Sociedad Quimica y Minera De Chile ADS,SQM
SolarWinds,SWI
Solera Holdings,SLH
Sonic Automotive Cl A,SAH
Sonoco Products,SON
Sony ADS,SNE
Sotheby's,BID
SouFun Holdings,SFUN
South Jersey Industries,SJI
Southcross Energy Partners,SXE
Southern Copper,SCCO
Southern,SO
Southwest Airlines,LUV
Southwest Gas,SWX
Southwestern Energy,SWN
Sovran Self Storage,SSS
Spansion Cl A,CODE
Sparton,SPA
Spectra Energy Partners,SEP
Spectra Energy,SE
Spectrum Brands Holdings,SPB
Speedway Motorsports,TRK
Spirit AeroSystems Hldgs Cl A,SPR
Spirit Realty Capital,SRC
Sprague Resources,SRLP
Springleaf Holdings,LEAF
Sprint,S
St. Joe,JOE
St. Jude Medical,STJ
Stage Stores,SSI
StanCorp Financial Group,SFG
Standard Motor Products,SMP
Standard Pacific,SPF
Standard Register,SR
Standex International,SXI
Stanley Black&Decker 2013 Un,SWH
Stanley Black&Decker,SWK
Stantec,STN
Star Gas Partners,SGU
Startek,SRT
Starwood Hotels&Resorts Worldwide,HOT
Starwood Property Trust,STWD
Starwood Waypoint Residential Trust,SWAY
State Street,STT
Statoil ADS,STO
Steel Partners Holdings,SPLP
Steelcase Cl A,SCS
Stepan,SCL
Steris,STE
Sterling Bancorp,STL
Stewart Information Services,STC
Stifel Financial,SF
Stillwater Mining,SWC
Stone Energy,SGY
StoneMor Partners,STON
Stonegate Mortgage,SGM
Stoneridge,SRI
Strategic Hotels&Resorts,BEE
Stryker,SYK
Sturm Ruger,RGR
Suburban Propane Partners,SPH
Sumitomo Mitsui Financial Group ADS,SMFG
Summit Hotel Properties,INN
Summit Materials Cl A,SUM
Summit Midstream Partners,SMLP
Sun Communities,SUI
Sun Life Financial,SLF
SunCoke Energy Partners,SXCP
SunCoke Energy,SXC
SunEdison,SUNE
SunTrust Banks Cl B WT,STI%A
SunTrust Banks,STI
Suncor Energy,SU
Sunoco Logistics Partners,SXL
Sunoco,SUN
Sunstone Hotel Investors,SHO
Superior Energy Services,SPN
Superior Industries International,SUP
Supervalu,SVU
Swift Energy,SFY
Swift Transportation,SWFT
Symetra Financial,SYA
Synchrony Financial,SYF
Syngenta ADS,SYT
Synovus Financial,SNV
Sysco,SYY
Systemax,SYX
T-Mobile US,TMUS
TAL Education Group ADS,XRS
TAL International Group,TAL
TC PipeLines,TCP
TCF Financial Wt,TCB%
TCF Financial,TCB
TCP International Holdings,TCPI
TD Ameritrade Holding,AMTD
TE Connectivity,TEL
TELUS,TU
TERNIUM ADS,TX
TIM Participacoes ADS,TSU
TJX,TJX
TRC Cos.,TRR
TRI Pointe Homes,TPH
TRW Automotive Holdings,TRW
Tableau Software,DATA
Tahoe Resources,TAHO
Taiwan Semiconductor Manufacturing ADS,TSM
Talisman Energy,TLM
Tallgrass Energy Partners,TEP
Tanger Factory Outlet Centers,SKT
Taomee Holdings ADS,TAOM
Targa Resources Partners,NGLS
Targa Resources,TRGP
Target,TGT
Taro Pharmaceutical Industries,TARO
Tata Motors ADS,TTM
Taubman Centers,TCO
Taylor Morrison Home,TMHC
Team Health Holding,TMH
Team,TISI
Teck Resources Cl B,TCK
Teco Energy,TE
Teekay LNG Partners,TGP
Teekay Offshore Partners,TOO
Teekay Tankers,TNK
Teekay,TK
Tejon Ranch,TRC
Telecom Argentina ADS,TEO
Telecom Italia ADS,TI
Telecom Italia ADS,TIA
Teledyne Technologies,TDY
Teleflex,TFX
Telefonica ADS,TEF
Telefonica Brasil ADS,VIV
Telekomunikasi Indonesia ADS,TLK
Telephone&Data Systems,TDS
Tempur Sealy International,TPX
Tenaris ADS,TS
Tenet Healthcare,THC
Tennant,TNC
Tenneco,TEN
Teradata,TDC
Teradyne,TER
Terex,TEX
Terra Nitrogen,TNH
Terreno Realty,TRNO
Tesoro Logistics LP,TLLP
Tesoro,TSO
Tetra Technologies,TTI
Teva Pharmaceutical Industries ADS,TEVA
Texas Pacific Land Trust Sub Share Ctf,TPL
Textainer Group Holdings,TGH
Textron,TXT
Textura,TXTR
Thermo Fisher Scientific,TMO
Thermon Group Holdings,THR
Third Point Reinsurance,TPRE
Thompson Creek Metals,TC
Thomson Reuters,TRI
Thor Industries,THO
Tidewater,TDW
Tiffany&,TIF
Tilly's,TLYS
Time Inc.,TIME
Time Warner Cable,TWC
Time Warner,TWX
Timken,TKR
TimkenSteel,TMST
Titan International,TWI
Toll Brothers,TOL
Tootsie Roll Industries,TR
Torchmark,TMK
Toro,TTC
Toronto-Dominion Bank,TD
Total ADS,TOT
Total System Services,TSS
Tower International,TOWR
Towers Watson Cl A,TW
Townsquare Media Cl A,TSQ
Toyota Motor ADS,TM
TransCanada,TRP
TransDigm Group,TDG
Transalta,TAC
Transcontinental Realty Investors,TCI
Transmontaigne Partners,TLP
Transocean Partners,RIGP
Transocean,RIG
Transportadora de Gas del Sur ADS,TGS
TravelCenters of America,TA
Travelers Cos.,TRV
Travelport Worldwide,TVPT
Trecora Resources,TREC
Tredegar,TG
TreeHouse Foods,THS
Tremor Video,TRMR
Trex,TREX
TriNet Group,TNET
Tribune Media Cl A,TRCO
Tribune Publishing,TPUB
Trina Solar ADS,TSL
Trinity Industries,TRN
Trinseo,TSE
Triple-S Management Cl B,GTS
Triumph Group,TGI
Tronox Cl A,TROX
TrueBlue,TBI
Trulia,TRLA
Trupanion,TRUP
Tsakos Energy Navigation,TNP
Tumi Holdings,TUMI
Tupperware Brands,TUP
Turkcell Iletisim Hizmetleri A.S. ADS,TKC
Turquoise Hill Resources,TRQ
Tutor Perini,TPC
Twitter,TWTR
Two Harbors Investment,TWO
Tyco International,TYC
Tyler Technologies,TYL
Tyson Foods Cl A,TSN
Tyson Foods Un,TSNU
U.S. Bancorp,USB
U.S. Cellular,USM
U.S. Physical Therapy,USPH
U.S. Silica Holdings,SLCA
UBS Group,UBS
UCP Cl A,UCP
UDR,UDR
UGI,UGI
UIL Holdings,UIL
UMH Properties,UMH
USA Compression Partners,USAC
USANA Health Sciences,USNA
USD Partners,USDP
USG,USG
Ultra Petroleum,UPL
Ultrapar Participacoes ADS,UGP
Under Armour Cl A,UA
UniFirst,UNF
Unifi,UFI
Unilever ADS,UL
Unilever ADS,UN
Union Pacific,UNP
Unisys,UIS
Unit,UNT
United Continental Holdings,UAL
United Microelectronics ADS,UMC
United Parcel Service Cl B,UPS
United Rentals,URI
United States 12 Month Natural Gas Fd,UNL
United States 12 Month Oil Fund LP,USL
United States Brent Oil Fund LP,BNO
United States Diesel-Heating Oil Fund LP,UHN
United States Gasoline Fund LP,UGA
United States Natural Gas Fund,UNG
United States Oil Fund LP,USO
United States Short Oil Fd,DNO
United States Steel,X
United Technologies Un,UTXA
United Technologies,UTX
UnitedHealth Group,UNH
Unitil,UTL
Universal American,UAM
Universal Health Realty Income Trust,UHT
Universal Health Services Cl B,UHS
Universal Insurance Holdings,UVE
Universal Technical Institute,UTI
Universal,UVV
Unum Group,UNM
Urban Edge Properties,UE
Urstadt Biddle Properties Cl A,UBA
Urstadt Biddle Properties,UBP
VF,VFC
VISA Cl A,V
VMware,VMW
VOC Energy Trust,VOC
VTTI Energy Partners,VTTI
Vaalco Energy,EGY
Vail Resorts,MTN
Vale ADS,VALE
Valeant Pharmaceuticals International,VRX
Valero Energy Partners,VLP
Valero Energy,VLO
Valhi,VHI
Validus Holdings,VR
Valley National Bancorp Wt 2018,VLY%
Valley National Bancorp,VLY
Valmont Industries,VMI
Valspar,VAL
ValueShares International Quantitative Value ETF,IVAL
Vantiv,VNTV
Varian Medical Systems,VAR
Vector Group,VGR
Vectren,VVC
Vectrus,VEC
Veeva Systems,VEEV
Ventas,VTR
VeriFone Systems,PAY
Veritiv,VRTV
Verizon Communications,VZ
Vermilion Energy,VET
Verso,VRS
Viad,VVI
Vina Concha y Toro ADS,VCO
Vince Holding,VNCE
Violin Memory,VMEM
Vipshop Holdings ADS,VIPS
Vishay Intertechnology,VSH
Vishay Precision Group,VPG
Vista Outdoor,VSTO
Vista Outdoor,VSTO@
Visteon,VC
Vitamin Shoppe,VSI
Vivint Solar,VSLR
Vocera Communications,VCRA
Vonage Holdings,VG
Vornado Realty Trust,VNO
Voya Financial,VOYA
Vulcan Materials,VMC
W&T Offshore,WTI
W. P. Carey,WPC
W.R. Berkley,WRB
W.R. Grace,GRA
W.W. Grainger,GWW
WABCO Holdings,WBC
WCI Communities,WCIC
WEX,WEX
WGL Holdings,WGL
WNS (Holdings) ADS,WNS
WP GLIMCHER,WPG
WPX Energy,WPX
Wabash National,WNC
Wabtec,WAB
Waddell&Reed Financial,WDR
WageWorks,WAGE
Wal-Mart Stores,WMT
Walker&Dunlop,WD
Walt Disney,DIS
Walter Energy,WLT
Walter Investment Management,WAC
Washington Real Estate Investment Trust,WRE
Waste Connections,WCN
Waste Management,WM
Waters,WAT
Watsco,WSO
Watts Water Technologies Cl A,WTS
Wausau Paper,WPP
Wayfair Cl A,W
Weatherford International,WFT
Webster Financial Wt,WBS%
Webster Financial,WBS
Weight Watchers International,WTW
Weingarten Realty Investors,WRI
Weis Markets,WMK
WellCare Health Plans,WCG
Wells Fargo Wt,WFC%
Wells Fargo,WFC
Wesco Aircraft Holdings,WAIR
Wesco International,WCC
West Pharmaceutical Services,WST
Westar Energy,WR
Western Alliance Bancorp.,WAL
Western Asset Mortgage Capital,WMC
Western Gas Equity Partners,WGP
Western Gas Partners,WES
Western Refining Logistics,WNRL
Western Refining,WNR
Western Union,WU
Westlake Chemical Partners,WLKP
Westlake Chemical,WLK
Westmoreland Resource Partners,WMLP
Westpac Banking ADS,WBK
Westwood Holdings Group,WHG
Weyerhaeuser,WY
Whirlpool,WHR
White Mountains Insurance Group,WTM
WhiteWave Foods,WWAV
Whitestone REIT,WSR
Whiting Petroleum,WLL
Whiting USA Trust I,WHX
Whiting USA Trust II,WHZ
Willbros Group,WG
William Lyon Homes,WLH
Williams Partners,WPZ
Williams,WMB
Williams-Sonoma,WSM
Willis Group Holdings,WSH
Winnebago Industries,WGO
Winthrop Realty Trust,FUR
Wipro ADS,WIT
Wisconsin Energy,WEC
Wolverine World Wide,WWW
Woori Bank ADS,WF
Workday,WDAY
Workiva Cl A,WK
World Fuel Services,INT
World Point Terminals,WPT
World Wrestling Entertainment Cl A,WWE
Worthington Industries,WOR
WuXi Pharmatech (Cayman) ADS,WX
Wyndham Worldwide,WYN
XL Group,XL
XO Group,XOXO
XPO Logistics,XPO
Xcel Energy,XEL
Xenia Hotels&Resorts,XHR
Xerium Technologies,XRM
Xerox,XRX
Xinyuan Real Estate ADS,XIN
Xueda Education Group ADS,XUE
Xylem Inc.,XYL
YPF ADS,YPF
Yadkin Financial,YDKN
Yamana Gold,AUY
Yanzhou Coal Mining ADS,YZC
Yelp,YELP
Yingli Green Energy Holding ADS,YGE
Youku Tudou ADS,YOKU
YuMe,YUME
Yum! Brands,YUM
ZAIS Financial,ZFC
Zayo Group Holdings,ZAYO
Zendesk,ZEN
Zep Inc.,ZEP
Zhaopin ADS,ZPIN
Zimmer Holdings,ZMH
Zoe's Kitchen,ZOES
Zoetis,ZTS
Zuoan Fashion ADS,ZA
eHi Car Services ADS,EHIC
iStar Financial,STAR
voxeljet ADS,VJET
